Item,Category,Quarter,FinancialYear,Value,Period Type
Domestic Cargo (MMT),Volumes,Q1,2021-22,84.36,Quarter
International Cargo (MMT),Volumes,Q1,2021-22,0,Quarter
Total Cargo (MMT),Volumes,Q1,2021-22,84.36,Quarter
Port Operating Revenue,Revenue,Q1,2021-22,3483.85,Quarter
Dredging ,Revenue,Q1,2021-22,166.92,Quarter
Trading in APTPL,Revenue,Q1,2021-22,0,Quarter
SRCPL,Revenue,Q1,2021-22,114.48,Quarter
SEIS,Revenue,Q1,2021-22,0,Quarter
Port Revenue,Revenue,Q1,2021-22,3765.25,Quarter
Logistic including AALL,Revenue,Q1,2021-22,268.11,Quarter
International Operations,Revenue,Q1,2021-22,142.99,Quarter
Port Development and SEZ,Revenue,Q1,2021-22,740.98,Quarter
Others (KAPL),Revenue,Q1,2021-22,65.97,Quarter
Total Revenue,,Q1,2021-22,4983.3,Quarter
Operating Revenue per MMT,,Q1,2021-22,412.99,Quarter
Operating Revenue per MMT Market,,Q1,2021-22,446.35,Quarter
Port Operating Expenses,Operating Expenses,Q1,2021-22,697.88,Quarter
Dredging Expenses,Operating Expenses,Q1,2021-22,88.17,Quarter
SRCPL Expenses,Operating Expenses,Q1,2021-22,8.26,Quarter
Logistic including AALL Operating Expenses,Operating Expenses,Q1,2021-22,185.04,Quarter
International Operations Expenses,Operating Expenses,Q1,2021-22,56.97,Quarter
Port Development and SEZ,Operating Expenses,Q1,2021-22,588.75,Quarter
Others (KAPL),Operating Expenses,Q1,2021-22,28,Quarter
Total Operating Expenses,,Q1,2021-22,195.48,Quarter
Operating Expenses per MMT,,Q1,2021-22,82.73,Quarter
Port Employee Costs,Employee Costs,Q1,2021-22,134.6,Quarter
Logistic including AALL,Employee Costs,Q1,2021-22,11.47,Quarter
International Operations,Employee Costs,Q1,2021-22,47.61,Quarter
Others (KAPL),Employee Costs,Q1,2021-22,1.8,Quarter
Total Employee Costs,,Q1,2021-22,195.48,Quarter
Port Admin Expenses,Admin Expenses ,Q1,2021-22,169.39,Quarter
Logistic including AALL,Admin Expenses ,Q1,2021-22,10.03,Quarter
International Operations,Admin Expenses ,Q1,2021-22,24.52,Quarter
Port Development and SEZ,Admin Expenses ,Q1,2021-22,0,Quarter
Others (KAPL),Admin Expenses ,Q1,2021-22,0,Quarter
One Time ,Admin Expenses ,Q1,2021-22,210.11,Quarter
Total Admin Expenses,,Q1,2021-22,414.05,Quarter
Total  EBIDTA ,,Q1,2021-22,2720.7,Quarter
EBITDA %,,Q1,2021-22,0.59,Quarter
Port EBITDA,,Q1,2021-22,2666.95,Quarter
Margin %,,Q1,2021-22,0.71,Quarter
Domestic Ports EBITDA per MMT,,Q1,2021-22,229.03,Quarter
Other Income,Income,Q1,2021-22,35.99,Quarter
Finance Cost (Net),,Q1,2021-22,199.12,Quarter
Foreign Exch (Gain)/Loss ,,Q1,2021-22,388.66,Quarter
Depreciation,,Q1,2021-22,768.46,Quarter
PBT Before Exceptional & Share of JV,,Q1,2021-22,1400.45,Quarter
Share from JV and associates ,,Q1,2021-22,-4.32,Quarter
Profit Before Tax,,Q1,2021-22,1396.13,Quarter
Exceptional Item ,,Q1,2021-22,0,Quarter
Profit Before Tax,,Q1,2021-22,1396.13,Quarter
Current Tax ,,Q1,2021-22,280.5,Quarter
Deferred tax ,,Q1,2021-22,-140.44,Quarter
Reversal of MAT Credit -adoption of new tax regime,,Q1,2021-22,0,Quarter
Total Tax ,,Q1,2021-22,140.06,Quarter
Profit for the year ,,Q1,2021-22,1256.07,Quarter
Port EBITDA Breakup,EBITDA Break Up,Q1,2021-22,2666.95,Quarter
Logistics,EBITDA Break Up,Q1,2021-22,61.57,Quarter
International Operations,EBITDA Break Up,Q1,2021-22,13.89,Quarter
Port Development and SEZ,EBITDA Break Up,Q1,2021-22,152.23,Quarter
Others (KAPL),EBITDA Break Up,Q1,2021-22,36.17,Quarter
One time  ,EBITDA Break Up,Q1,2021-22,-210.11,Quarter
Total EBIDTA without forex ,EBITDA Break Up,Q1,2021-22,2720.7,Quarter
Total EBIDTA  & One time ,EBITDA Break Up,Q1,2021-22,2930.81,Quarter
Port EBITDA Margin Breakup,EBITDA Margin Breakup,Q1,2021-22,0.71,Quarter
Logistics,EBITDA Margin Breakup,Q1,2021-22,0.23,Quarter
International Operations,EBITDA Margin Breakup,Q1,2021-22,0.1,Quarter
Port Development and SEZ,EBITDA Margin Breakup,Q1,2021-22,0.21,Quarter
Others (KAPL),EBITDA Margin Breakup,Q1,2021-22,0.55,Quarter
Domestic Cargo (MMT),Volumes,Q1,2022-23,90.89,Quarter
International Cargo (MMT),Volumes,Q1,2022-23,0,Quarter
Total Cargo (MMT),Volumes,Q1,2022-23,90.89,Quarter
Port Operating Revenue,Revenue,Q1,2022-23,4248.75,Quarter
Dredging ,Revenue,Q1,2022-23,152.2,Quarter
Trading in APTPL,Revenue,Q1,2022-23,0,Quarter
SRCPL,Revenue,Q1,2022-23,108.71,Quarter
SEIS,Revenue,Q1,2022-23,0,Quarter
Port Revenue,Revenue,Q1,2022-23,4509.66,Quarter
Logistic including AALL,Revenue,Q1,2022-23,360.49,Quarter
International Operations,Revenue,Q1,2022-23,152.78,Quarter
Port Development and SEZ,Revenue,Q1,2022-23,16.46,Quarter
Others (KAPL),Revenue,Q1,2022-23,18.7,Quarter
Total Revenue,,Q1,2022-23,5058.09,Quarter
Operating Revenue per MMT,,Q1,2022-23,467.46,Quarter
Operating Revenue per MMT Market,,Q1,2022-23,496.17,Quarter
Port Operating Expenses,Operating Expenses,Q1,2022-23,898.03,Quarter
Dredging Expenses,Operating Expenses,Q1,2022-23,52.56,Quarter
SRCPL Expenses,Operating Expenses,Q1,2022-23,9.53,Quarter
Logistic including AALL Operating Expenses,Operating Expenses,Q1,2022-23,228.1,Quarter
International Operations Expenses,Operating Expenses,Q1,2022-23,59.56,Quarter
Port Development and SEZ,Operating Expenses,Q1,2022-23,10,Quarter
Others (KAPL),Operating Expenses,Q1,2022-23,6.51,Quarter
Total Operating Expenses,,Q1,2022-23,265.5,Quarter
Operating Expenses per MMT,,Q1,2022-23,98.8,Quarter
Port Employee Costs,Employee Costs,Q1,2022-23,195.12,Quarter
Logistic including AALL,Employee Costs,Q1,2022-23,22.21,Quarter
International Operations,Employee Costs,Q1,2022-23,45.64,Quarter
Others (KAPL),Employee Costs,Q1,2022-23,2.53,Quarter
Total Employee Costs,,Q1,2022-23,265.5,Quarter
Port Admin Expenses,Admin Expenses ,Q1,2022-23,184.74,Quarter
Logistic including AALL,Admin Expenses ,Q1,2022-23,14.13,Quarter
International Operations,Admin Expenses ,Q1,2022-23,33.47,Quarter
Port Development and SEZ,Admin Expenses ,Q1,2022-23,0,Quarter
Others (KAPL),Admin Expenses ,Q1,2022-23,,Quarter
One Time ,Admin Expenses ,Q1,2022-23,0,Quarter
Total Admin Expenses,,Q1,2022-23,237.82,Quarter
Total  EBIDTA ,,Q1,2022-23,3290.48,Quarter
EBITDA %,,Q1,2022-23,0.65,Quarter
Port EBITDA,,Q1,2022-23,3169.68,Quarter
Margin %,,Q1,2022-23,0.7,Quarter
Domestic Ports EBITDA per MMT,,Q1,2022-23,229.03,Quarter
Other Income,Income,Q1,2022-23,49.5,Quarter
Finance Cost (Net),,Q1,2022-23,210.55,Quarter
Foreign Exch (Gain)/Loss ,,Q1,2022-23,1201.14,Quarter
Depreciation,,Q1,2022-23,840.42,Quarter
PBT Before Exceptional & Share of JV,,Q1,2022-23,1087.87,Quarter
Share from JV and associates ,,Q1,2022-23,17.5,Quarter
Profit Before Tax,,Q1,2022-23,1105.37,Quarter
Exceptional Item ,,Q1,2022-23,0,Quarter
Profit Before Tax,,Q1,2022-23,1105.37,Quarter
Current Tax ,,Q1,2022-23,28.86,Quarter
Deferred tax ,,Q1,2022-23,-100.95,Quarter
Reversal of MAT Credit -adoption of new tax regime,,Q1,2022-23,0,Quarter
Total Tax ,,Q1,2022-23,-72.09,Quarter
Profit for the year ,,Q1,2022-23,1177.46,Quarter
Port EBITDA Breakup,EBITDA Break Up,Q1,2022-23,3169.68,Quarter
Logistics,EBITDA Break Up,Q1,2022-23,96.05,Quarter
International Operations,EBITDA Break Up,Q1,2022-23,14.11,Quarter
Port Development and SEZ,EBITDA Break Up,Q1,2022-23,6.46,Quarter
Others (KAPL),EBITDA Break Up,Q1,2022-23,9.66,Quarter
One time  ,EBITDA Break Up,Q1,2022-23,0,Quarter
Total EBIDTA without forex ,EBITDA Break Up,Q1,2022-23,3295.96,Quarter
Total EBIDTA  & One time ,EBITDA Break Up,Q1,2022-23,3295.96,Quarter
Port EBITDA Margin Breakup,EBITDA Margin Breakup,Q1,2022-23,0.7,Quarter
Logistics,EBITDA Margin Breakup,Q1,2022-23,0.27,Quarter
International Operations,EBITDA Margin Breakup,Q1,2022-23,0.09,Quarter
Port Development and SEZ,EBITDA Margin Breakup,Q1,2022-23,0.39,Quarter
Others (KAPL),EBITDA Margin Breakup,Q1,2022-23,0.52,Quarter
Domestic Cargo (MMT),Volumes,Q1,2023-24,98.13,Quarter
International Cargo (MMT),Volumes,Q1,2023-24,3.24,Quarter
Total Cargo (MMT),Volumes,Q1,2023-24,101.37,Quarter
Port Operating Revenue,Revenue,Q1,2023-24,4693.2,Quarter
Dredging ,Revenue,Q1,2023-24,129.37,Quarter
Trading in APTPL,Revenue,Q1,2023-24,0,Quarter
SRCPL,Revenue,Q1,2023-24,88.44,Quarter
SEIS,Revenue,Q1,2023-24,0,Quarter
Port Revenue,Revenue,Q1,2023-24,4911.01,Quarter
Logistic including AALL,Revenue,Q1,2023-24,507.15,Quarter
International Operations,Revenue,Q1,2023-24,759.61,Quarter
Port Development and SEZ,Revenue,Q1,2023-24,48.67,Quarter
Others (KAPL),Revenue,Q1,2023-24,21.11,Quarter
Total Revenue,,Q1,2023-24,6247.55,Quarter
Operating Revenue per MMT,,Q1,2023-24,478.26,Quarter
Operating Revenue per MMT Market,,Q1,2023-24,500.46,Quarter
Port Operating Expenses,Operating Expenses,Q1,2023-24,928.24,Quarter
Dredging Expenses,Operating Expenses,Q1,2023-24,45,Quarter
SRCPL Expenses,Operating Expenses,Q1,2023-24,4.98,Quarter
Logistic including AALL Operating Expenses,Operating Expenses,Q1,2023-24,327.63,Quarter
International Operations Expenses,Operating Expenses,Q1,2023-24,271.13,Quarter
Port Development and SEZ,Operating Expenses,Q1,2023-24,43.75,Quarter
Others (KAPL),Operating Expenses,Q1,2023-24,5.85,Quarter
Total Operating Expenses,,Q1,2023-24,501.53,Quarter
Operating Expenses per MMT,,Q1,2023-24,94.59,Quarter
Port Employee Costs,Employee Costs,Q1,2023-24,184,Quarter
Logistic including AALL,Employee Costs,Q1,2023-24,19.04,Quarter
International Operations,Employee Costs,Q1,2023-24,294.98,Quarter
Others (KAPL),Employee Costs,Q1,2023-24,3.51,Quarter
Total Employee Costs,,Q1,2023-24,501.53,Quarter
Port Admin Expenses,Admin Expenses ,Q1,2023-24,225.22,Quarter
Logistic including AALL,Admin Expenses ,Q1,2023-24,18.05,Quarter
International Operations,Admin Expenses ,Q1,2023-24,114.45,Quarter
Port Development and SEZ,Admin Expenses ,Q1,2023-24,0,Quarter
Others (KAPL),Admin Expenses ,Q1,2023-24,8.07,Quarter
One Time ,Admin Expenses ,Q1,2023-24,0,Quarter
Total Admin Expenses,,Q1,2023-24,365.79,Quarter
Total  EBIDTA ,,Q1,2023-24,3753.65,Quarter
EBITDA %,,Q1,2023-24,0.6,Quarter
Port EBITDA,,Q1,2023-24,3523.57,Quarter
Margin %,,Q1,2023-24,0.72,Quarter
Domestic Ports EBITDA per MMT,,Q1,2023-24,359.07,Quarter
Other Income,Income,Q1,2023-24,126.94,Quarter
Finance Cost (Net),,Q1,2023-24,375.95,Quarter
Foreign Exch (Gain)/Loss ,,Q1,2023-24,-10.93,Quarter
Depreciation,,Q1,2023-24,949.58,Quarter
PBT Before Exceptional & Share of JV,,Q1,2023-24,2565.99,Quarter
Share from JV and associates ,,Q1,2023-24,-75.25,Quarter
Profit Before Tax,,Q1,2023-24,2490.74,Quarter
Exceptional Item ,,Q1,2023-24,0,Quarter
Profit Before Tax,,Q1,2023-24,2490.74,Quarter
Current Tax ,,Q1,2023-24,269.3,Quarter
Deferred tax ,,Q1,2023-24,102.06,Quarter
Reversal of MAT Credit -adoption of new tax regime,,Q1,2023-24,0,Quarter
Total Tax ,,Q1,2023-24,371.36,Quarter
Profit for the year ,,Q1,2023-24,2119.38,Quarter
Port EBITDA Breakup,EBITDA Break Up,Q1,2023-24,3523.57,Quarter
Logistics,EBITDA Break Up,Q1,2023-24,142.43,Quarter
International Operations,EBITDA Break Up,Q1,2023-24,79.05,Quarter
Port Development and SEZ,EBITDA Break Up,Q1,2023-24,4.92,Quarter
Others (KAPL),EBITDA Break Up,Q1,2023-24,3.68,Quarter
One time  ,EBITDA Break Up,Q1,2023-24,0,Quarter
Total EBIDTA without forex ,EBITDA Break Up,Q1,2023-24,3753.65,Quarter
Total EBIDTA  & One time ,EBITDA Break Up,Q1,2023-24,3753.65,Quarter
Port EBITDA Margin Breakup,EBITDA Margin Breakup,Q1,2023-24,0.72,Quarter
Logistics,EBITDA Margin Breakup,Q1,2023-24,0.28,Quarter
International Operations,EBITDA Margin Breakup,Q1,2023-24,0.1,Quarter
Port Development and SEZ,EBITDA Margin Breakup,Q1,2023-24,0.1,Quarter
Others (KAPL),EBITDA Margin Breakup,Q1,2023-24,0.17,Quarter
Domestic Cargo (MMT),Volumes,Q1,2024-25,106.76,Quarter
International Cargo (MMT),Volumes,Q1,2024-25,2.23,Quarter
Total Cargo (MMT),Volumes,Q1,2024-25,108.99,Quarter
Port Operating Revenue,Revenue,Q1,2024-25,5355.37,Quarter
Dredging ,Revenue,Q1,2024-25,82.4,Quarter
Trading in APTPL,Revenue,Q1,2024-25,0,Quarter
SRCPL,Revenue,Q1,2024-25,98.44,Quarter
SEIS,Revenue,Q1,2024-25,0,Quarter
Port Revenue,Revenue,Q1,2024-25,5536.21,Quarter
Logistic including AALL,Revenue,Q1,2024-25,570.99,Quarter
International Operations,Revenue,Q1,2024-25,825.18,Quarter
Port Development and SEZ,Revenue,Q1,2024-25,627.21,Quarter
Others (KAPL),Revenue,Q1,2024-25,0,Quarter
Total Revenue,,Q1,2024-25,7559.59,Quarter
Operating Revenue per MMT,,Q1,2024-25,501.63,Quarter
Operating Revenue per MMT Market,,Q1,2024-25,518.57,Quarter
Port Operating Expenses,Operating Expenses,Q1,2024-25,1045.32,Quarter
Dredging Expenses,Operating Expenses,Q1,2024-25,45.32,Quarter
SRCPL Expenses,Operating Expenses,Q1,2024-25,5.44,Quarter
Logistic including AALL Operating Expenses,Operating Expenses,Q1,2024-25,379.98,Quarter
International Operations Expenses,Operating Expenses,Q1,2024-25,390.51,Quarter
Port Development and SEZ,Operating Expenses,Q1,2024-25,0,Quarter
Others (KAPL),Operating Expenses,Q1,2024-25,0,Quarter
Total Operating Expenses,,Q1,2024-25,469.27,Quarter
Operating Expenses per MMT,,Q1,2024-25,97.91,Quarter
Port Employee Costs,Employee Costs,Q1,2024-25,187.09,Quarter
Logistic including AALL,Employee Costs,Q1,2024-25,25.61,Quarter
International Operations,Employee Costs,Q1,2024-25,256.57,Quarter
Others (KAPL),Employee Costs,Q1,2024-25,0,Quarter
Total Employee Costs,,Q1,2024-25,469.27,Quarter
Port Admin Expenses,Admin Expenses ,Q1,2024-25,263.38,Quarter
Logistic including AALL,Admin Expenses ,Q1,2024-25,21.25,Quarter
International Operations,Admin Expenses ,Q1,2024-25,91.37,Quarter
Port Development and SEZ,Admin Expenses ,Q1,2024-25,0,Quarter
Others (KAPL),Admin Expenses ,Q1,2024-25,0,Quarter
One Time ,Admin Expenses ,Q1,2024-25,0,Quarter
Total Admin Expenses,,Q1,2024-25,376,Quarter
Total  EBIDTA ,,Q1,2024-25,4847.75,Quarter
EBITDA %,,Q1,2024-25,0.64,Quarter
Port EBITDA,,Q1,2024-25,3989.66,Quarter
Margin %,,Q1,2024-25,0.72,Quarter
Domestic Ports EBITDA per MMT,,Q1,2024-25,373.7,Quarter
Other Income,Income,Q1,2024-25,313.69,Quarter
Finance Cost (Net),,Q1,2024-25,303.16,Quarter
Foreign Exch (Gain)/Loss ,,Q1,2024-25,31.17,Quarter
Depreciation,,Q1,2024-25,1011.87,Quarter
PBT Before Exceptional & Share of JV,,Q1,2024-25,3815.24,Quarter
Share from JV and associates ,,Q1,2024-25,-77.16,Quarter
Profit Before Tax,,Q1,2024-25,3738.08,Quarter
Exceptional Item ,,Q1,2024-25,-145.43,Quarter
Profit Before Tax,,Q1,2024-25,3592.65,Quarter
Current Tax ,,Q1,2024-25,527.99,Quarter
Deferred tax ,,Q1,2024-25,-42.57,Quarter
Reversal of MAT Credit -adoption of new tax regime,,Q1,2024-25,0,Quarter
Total Tax ,,Q1,2024-25,485.42,Quarter
Profit for the year ,,Q1,2024-25,3107.23,Quarter
Port EBITDA Breakup,EBITDA Break Up,Q1,2024-25,3989.66,Quarter
Logistics,EBITDA Break Up,Q1,2024-25,144.15,Quarter
International Operations,EBITDA Break Up,Q1,2024-25,86.73,Quarter
Port Development and SEZ,EBITDA Break Up,Q1,2024-25,627.21,Quarter
Others (KAPL),EBITDA Break Up,Q1,2024-25,0,Quarter
One time  ,EBITDA Break Up,Q1,2024-25,0,Quarter
Total EBIDTA without forex ,EBITDA Break Up,Q1,2024-25,4847.75,Quarter
Total EBIDTA  & One time ,EBITDA Break Up,Q1,2024-25,4847.75,Quarter
Port EBITDA Margin Breakup,EBITDA Margin Breakup,Q1,2024-25,0.72,Quarter
Logistics,EBITDA Margin Breakup,Q1,2024-25,0.25,Quarter
International Operations,EBITDA Margin Breakup,Q1,2024-25,0.11,Quarter
Port Development and SEZ,EBITDA Margin Breakup,Q1,2024-25,1,Quarter
Others (KAPL),EBITDA Margin Breakup,Q1,2024-25,0,Quarter
Domestic Cargo (MMT),Volumes,Q2,2021-22,75.54,Quarter
International Cargo (MMT),Volumes,Q2,2021-22,0,Quarter
Total Cargo (MMT),Volumes,Q2,2021-22,75.54,Quarter
Port Operating Revenue,Revenue,Q2,2021-22,3176.56,Quarter
Dredging ,Revenue,Q2,2021-22,133.35,Quarter
Trading in APTPL,Revenue,Q2,2021-22,0,Quarter
SRCPL,Revenue,Q2,2021-22,88.38,Quarter
SEIS,Revenue,Q2,2021-22,0,Quarter
Port Revenue,Revenue,Q2,2021-22,3398.29,Quarter
Logistic including AALL,Revenue,Q2,2021-22,277.4,Quarter
International Operations,Revenue,Q2,2021-22,159.67,Quarter
Port Development and SEZ,Revenue,Q2,2021-22,24.56,Quarter
Others (KAPL),Revenue,Q2,2021-22,63.02,Quarter
Total Revenue,,Q2,2021-22,3922.94,Quarter
Operating Revenue per MMT,,Q2,2021-22,420.51,Quarter
Operating Revenue per MMT Market,,Q2,2021-22,449.87,Quarter
Port Operating Expenses,Operating Expenses,Q2,2021-22,665.29,Quarter
Dredging Expenses,Operating Expenses,Q2,2021-22,58,Quarter
SRCPL Expenses,Operating Expenses,Q2,2021-22,6.28,Quarter
Logistic including AALL Operating Expenses,Operating Expenses,Q2,2021-22,182.39,Quarter
International Operations Expenses,Operating Expenses,Q2,2021-22,72.19,Quarter
Port Development and SEZ,Operating Expenses,Q2,2021-22,6.33,Quarter
Others (KAPL),Operating Expenses,Q2,2021-22,48.33,Quarter
Total Operating Expenses,,Q2,2021-22,199,Quarter
Operating Expenses per MMT,,Q2,2021-22,88.07,Quarter
Port Employee Costs,Employee Costs,Q2,2021-22,133.87,Quarter
Logistic including AALL,Employee Costs,Q2,2021-22,12.42,Quarter
International Operations,Employee Costs,Q2,2021-22,49.12,Quarter
Others (KAPL),Employee Costs,Q2,2021-22,3.59,Quarter
Total Employee Costs,,Q2,2021-22,199,Quarter
Port Admin Expenses,Admin Expenses ,Q2,2021-22,156.23,Quarter
Logistic including AALL,Admin Expenses ,Q2,2021-22,9.49,Quarter
International Operations,Admin Expenses ,Q2,2021-22,25.33,Quarter
Port Development and SEZ,Admin Expenses ,Q2,2021-22,0,Quarter
Others (KAPL),Admin Expenses ,Q2,2021-22,11.1,Quarter
One Time ,Admin Expenses ,Q2,2021-22,0,Quarter
Total Admin Expenses,,Q2,2021-22,202.15,Quarter
Total  EBIDTA ,,Q2,2021-22,2482.98,Quarter
EBITDA %,,Q2,2021-22,0.63,Quarter
Port EBITDA,,Q2,2021-22,2378.62,Quarter
Margin %,,Q2,2021-22,0.7,Quarter
Domestic Ports EBITDA per MMT,,Q2,2021-22,229.03,Quarter
Other Income,Income,Q2,2021-22,49.5,Quarter
Finance Cost (Net),,Q2,2021-22,129.09,Quarter
Foreign Exch (Gain)/Loss ,,Q2,2021-22,-53.21,Quarter
Depreciation,,Q2,2021-22,782.73,Quarter
PBT Before Exceptional & Share of JV,,Q2,2021-22,1673.86,Quarter
Share from JV and associates ,,Q2,2021-22,-3.48,Quarter
Profit Before Tax,,Q2,2021-22,1670.38,Quarter
Exceptional Item ,,Q2,2021-22,-405.19,Quarter
Profit Before Tax,,Q2,2021-22,1265.19,Quarter
Current Tax ,,Q2,2021-22,243.24,Quarter
Deferred tax ,,Q2,2021-22,-28.28,Quarter
Reversal of MAT Credit -adoption of new tax regime,,Q2,2021-22,0,Quarter
Total Tax ,,Q2,2021-22,214.96,Quarter
Profit for the year ,,Q2,2021-22,1050.23,Quarter
Port EBITDA Breakup,EBITDA Break Up,Q2,2021-22,2378.62,Quarter
Logistics,EBITDA Break Up,Q2,2021-22,73.1,Quarter
International Operations,EBITDA Break Up,Q2,2021-22,13.03,Quarter
Port Development and SEZ,EBITDA Break Up,Q2,2021-22,18.23,Quarter
Others (KAPL),EBITDA Break Up,Q2,2021-22,0,Quarter
One time  ,EBITDA Break Up,Q2,2021-22,0,Quarter
Total EBIDTA without forex ,EBITDA Break Up,Q2,2021-22,2482.98,Quarter
Total EBIDTA  & One time ,EBITDA Break Up,Q2,2021-22,2482.98,Quarter
Port EBITDA Margin Breakup,EBITDA Margin Breakup,Q2,2021-22,0.7,Quarter
Logistics,EBITDA Margin Breakup,Q2,2021-22,0.26,Quarter
International Operations,EBITDA Margin Breakup,Q2,2021-22,0.08,Quarter
Port Development and SEZ,EBITDA Margin Breakup,Q2,2021-22,0.74,Quarter
Others (KAPL),EBITDA Margin Breakup,Q2,2021-22,0,Quarter
Domestic Cargo (MMT),Volumes,Q2,2022-23,86.58,Quarter
International Cargo (MMT),Volumes,Q2,2022-23,0,Quarter
Total Cargo (MMT),Volumes,Q2,2022-23,86.58,Quarter
Port Operating Revenue,Revenue,Q2,2022-23,4263.31,Quarter
Dredging ,Revenue,Q2,2022-23,140.25,Quarter
Trading in APTPL,Revenue,Q2,2022-23,0,Quarter
SRCPL,Revenue,Q2,2022-23,54.03,Quarter
SEIS,Revenue,Q2,2022-23,0,Quarter
Port Revenue,Revenue,Q2,2022-23,4457.59,Quarter
Logistic including AALL,Revenue,Q2,2022-23,360.9,Quarter
International Operations,Revenue,Q2,2022-23,181.22,Quarter
Port Development and SEZ,Revenue,Q2,2022-23,193.89,Quarter
Others (KAPL),Revenue,Q2,2022-23,17.2,Quarter
Total Revenue,,Q2,2022-23,5210.8,Quarter
Operating Revenue per MMT,,Q2,2022-23,492.41,Quarter
Operating Revenue per MMT Market,,Q2,2022-23,514.85,Quarter
Port Operating Expenses,Operating Expenses,Q2,2022-23,911.18,Quarter
Dredging Expenses,Operating Expenses,Q2,2022-23,62.2,Quarter
SRCPL Expenses,Operating Expenses,Q2,2022-23,6.39,Quarter
Logistic including AALL Operating Expenses,Operating Expenses,Q2,2022-23,219.54,Quarter
International Operations Expenses,Operating Expenses,Q2,2022-23,85.66,Quarter
Port Development and SEZ,Operating Expenses,Q2,2022-23,128.24,Quarter
Others (KAPL),Operating Expenses,Q2,2022-23,9.56,Quarter
Total Operating Expenses,,Q2,2022-23,233.12,Quarter
Operating Expenses per MMT,,Q2,2022-23,105.24,Quarter
Port Employee Costs,Employee Costs,Q2,2022-23,171.23,Quarter
Logistic including AALL,Employee Costs,Q2,2022-23,12.13,Quarter
International Operations,Employee Costs,Q2,2022-23,47.1,Quarter
Others (KAPL),Employee Costs,Q2,2022-23,2.66,Quarter
Total Employee Costs,,Q2,2022-23,233.12,Quarter
Port Admin Expenses,Admin Expenses ,Q2,2022-23,240.33,Quarter
Logistic including AALL,Admin Expenses ,Q2,2022-23,13.21,Quarter
International Operations,Admin Expenses ,Q2,2022-23,31.5,Quarter
Port Development and SEZ,Admin Expenses ,Q2,2022-23,0,Quarter
Others (KAPL),Admin Expenses ,Q2,2022-23,9.61,Quarter
One Time ,Admin Expenses ,Q2,2022-23,0,Quarter
Total Admin Expenses,,Q2,2022-23,294.65,Quarter
Total  EBIDTA ,,Q2,2022-23,3260.26,Quarter
EBITDA %,,Q2,2022-23,0.63,Quarter
Port EBITDA,,Q2,2022-23,3066.26,Quarter
Margin %,,Q2,2022-23,0.69,Quarter
Domestic Ports EBITDA per MMT,,Q2,2022-23,229.03,Quarter
Other Income,Income,Q2,2022-23,55.98,Quarter
Finance Cost (Net),,Q2,2022-23,194.92,Quarter
Foreign Exch (Gain)/Loss ,,Q2,2022-23,369.65,Quarter
Depreciation,,Q2,2022-23,854.3,Quarter
PBT Before Exceptional & Share of JV,,Q2,2022-23,1897.37,Quarter
Share from JV and associates ,,Q2,2022-23,3.02,Quarter
Profit Before Tax,,Q2,2022-23,1900.39,Quarter
Exceptional Item ,,Q2,2022-23,0,Quarter
Profit Before Tax,,Q2,2022-23,1900.39,Quarter
Current Tax ,,Q2,2022-23,213.47,Quarter
Deferred tax ,,Q2,2022-23,-50.89,Quarter
Reversal of MAT Credit -adoption of new tax regime,,Q2,2022-23,0,Quarter
Total Tax ,,Q2,2022-23,162.58,Quarter
Profit for the year ,,Q2,2022-23,1737.81,Quarter
Port EBITDA Breakup,EBITDA Break Up,Q2,2022-23,3066.26,Quarter
Logistics,EBITDA Break Up,Q2,2022-23,116.02,Quarter
International Operations,EBITDA Break Up,Q2,2022-23,16.96,Quarter
Port Development and SEZ,EBITDA Break Up,Q2,2022-23,65.65,Quarter
Others (KAPL),EBITDA Break Up,Q2,2022-23,-4.63,Quarter
One time  ,EBITDA Break Up,Q2,2022-23,0,Quarter
Total EBIDTA without forex ,EBITDA Break Up,Q2,2022-23,3260.26,Quarter
Total EBIDTA  & One time ,EBITDA Break Up,Q2,2022-23,3260.26,Quarter
Port EBITDA Margin Breakup,EBITDA Margin Breakup,Q2,2022-23,0.69,Quarter
Logistics,EBITDA Margin Breakup,Q2,2022-23,0.32,Quarter
International Operations,EBITDA Margin Breakup,Q2,2022-23,0.09,Quarter
Port Development and SEZ,EBITDA Margin Breakup,Q2,2022-23,0.34,Quarter
Others (KAPL),EBITDA Margin Breakup,Q2,2022-23,-0.27,Quarter
Domestic Cargo (MMT),Volumes,Q2,2023-24,98.12,Quarter
International Cargo (MMT),Volumes,Q2,2023-24,3.1,Quarter
Total Cargo (MMT),Volumes,Q2,2023-24,101.22,Quarter
Port Operating Revenue,Revenue,Q2,2023-24,4868.89,Quarter
Dredging ,Revenue,Q2,2023-24,119.83,Quarter
Trading in APTPL,Revenue,Q2,2023-24,0,Quarter
SRCPL,Revenue,Q2,2023-24,63.28,Quarter
SEIS,Revenue,Q2,2023-24,0,Quarter
Port Revenue,Revenue,Q2,2023-24,5052,Quarter
Logistic including AALL,Revenue,Q2,2023-24,482.74,Quarter
International Operations,Revenue,Q2,2023-24,806.36,Quarter
Port Development and SEZ,Revenue,Q2,2023-24,289.09,Quarter
Others (KAPL),Revenue,Q2,2023-24,16.22,Quarter
Total Revenue,,Q2,2023-24,6646.41,Quarter
Operating Revenue per MMT,,Q2,2023-24,496.22,Quarter
Operating Revenue per MMT Market,,Q2,2023-24,514.88,Quarter
Port Operating Expenses,Operating Expenses,Q2,2023-24,946.85,Quarter
Dredging Expenses,Operating Expenses,Q2,2023-24,57,Quarter
SRCPL Expenses,Operating Expenses,Q2,2023-24,9.16,Quarter
Logistic including AALL Operating Expenses,Operating Expenses,Q2,2023-24,291.1,Quarter
International Operations Expenses,Operating Expenses,Q2,2023-24,297.09,Quarter
Port Development and SEZ,Operating Expenses,Q2,2023-24,258.44,Quarter
Others (KAPL),Operating Expenses,Q2,2023-24,7.67,Quarter
Total Operating Expenses,,Q2,2023-24,477.92,Quarter
Operating Expenses per MMT,,Q2,2023-24,96.5,Quarter
Port Employee Costs,Employee Costs,Q2,2023-24,172.19,Quarter
Logistic including AALL,Employee Costs,Q2,2023-24,22.54,Quarter
International Operations,Employee Costs,Q2,2023-24,278.8,Quarter
Others (KAPL),Employee Costs,Q2,2023-24,4.39,Quarter
Total Employee Costs,,Q2,2023-24,477.92,Quarter
Port Admin Expenses,Admin Expenses ,Q2,2023-24,242.77,Quarter
Logistic including AALL,Admin Expenses ,Q2,2023-24,22.75,Quarter
International Operations,Admin Expenses ,Q2,2023-24,142.35,Quarter
Port Development and SEZ,Admin Expenses ,Q2,2023-24,0,Quarter
Others (KAPL),Admin Expenses ,Q2,2023-24,12.84,Quarter
One Time ,Admin Expenses ,Q2,2023-24,0,Quarter
Total Admin Expenses,,Q2,2023-24,420.71,Quarter
Total  EBIDTA ,,Q2,2023-24,3880.47,Quarter
EBITDA %,,Q2,2023-24,0.58,Quarter
Port EBITDA,,Q2,2023-24,3624.03,Quarter
Margin %,,Q2,2023-24,0.72,Quarter
Domestic Ports EBITDA per MMT,,Q2,2023-24,369.35,Quarter
Other Income,Income,Q2,2023-24,70.49,Quarter
Finance Cost (Net),,Q2,2023-24,285.14,Quarter
Foreign Exch (Gain)/Loss ,,Q2,2023-24,216.49,Quarter
Depreciation,,Q2,2023-24,974.47,Quarter
PBT Before Exceptional & Share of JV,,Q2,2023-24,2474.86,Quarter
Share from JV and associates ,,Q2,2023-24,45.82,Quarter
Profit Before Tax,,Q2,2023-24,2520.68,Quarter
Exceptional Item ,,Q2,2023-24,0,Quarter
Profit Before Tax,,Q2,2023-24,2520.68,Quarter
Current Tax ,,Q2,2023-24,231.23,Quarter
Deferred tax ,,Q2,2023-24,72.66,Quarter
Reversal of MAT Credit -adoption of new tax regime,,Q2,2023-24,455.16,Quarter
Total Tax ,,Q2,2023-24,759.05,Quarter
Profit for the year ,,Q2,2023-24,1761.63,Quarter
Port EBITDA Breakup,EBITDA Break Up,Q2,2023-24,3624.03,Quarter
Logistics,EBITDA Break Up,Q2,2023-24,146.35,Quarter
International Operations,EBITDA Break Up,Q2,2023-24,88.12,Quarter
Port Development and SEZ,EBITDA Break Up,Q2,2023-24,30.65,Quarter
Others (KAPL),EBITDA Break Up,Q2,2023-24,-8.68,Quarter
One time  ,EBITDA Break Up,Q2,2023-24,0,Quarter
Total EBIDTA without forex ,EBITDA Break Up,Q2,2023-24,3880.47,Quarter
Total EBIDTA  & One time ,EBITDA Break Up,Q2,2023-24,3880.47,Quarter
Port EBITDA Margin Breakup,EBITDA Margin Breakup,Q2,2023-24,0.72,Quarter
Logistics,EBITDA Margin Breakup,Q2,2023-24,0.3,Quarter
International Operations,EBITDA Margin Breakup,Q2,2023-24,0.11,Quarter
Port Development and SEZ,EBITDA Margin Breakup,Q2,2023-24,0.11,Quarter
Others (KAPL),EBITDA Margin Breakup,Q2,2023-24,-0.54,Quarter
Domestic Cargo (MMT),Volumes,Q2,2024-25,105.43,Quarter
International Cargo (MMT),Volumes,Q2,2024-25,5.42,Quarter
Total Cargo (MMT),Volumes,Q2,2024-25,110.85,Quarter
Port Operating Revenue,Revenue,Q2,2024-25,5424.25,Quarter
Dredging ,Revenue,Q2,2024-25,136.09,Quarter
Trading in APTPL,Revenue,Q2,2024-25,0,Quarter
SRCPL,Revenue,Q2,2024-25,81.45,Quarter
SEIS,Revenue,Q2,2024-25,0,Quarter
Port Revenue,Revenue,Q2,2024-25,5641.79,Quarter
Logistic including AALL,Revenue,Q2,2024-25,587.68,Quarter
International Operations,Revenue,Q2,2024-25,821.02,Quarter
Port Development and SEZ,Revenue,Q2,2024-25,16.53,Quarter
Others (KAPL),Revenue,Q2,2024-25,0,Quarter
Total Revenue,,Q2,2024-25,7067.02,Quarter
Operating Revenue per MMT,,Q2,2024-25,514.49,Quarter
Operating Revenue per MMT Market,,Q2,2024-25,535.12,Quarter
Port Operating Expenses,Operating Expenses,Q2,2024-25,1046.64,Quarter
Dredging Expenses,Operating Expenses,Q2,2024-25,74.48,Quarter
SRCPL Expenses,Operating Expenses,Q2,2024-25,5.53,Quarter
Logistic including AALL Operating Expenses,Operating Expenses,Q2,2024-25,382.58,Quarter
International Operations Expenses,Operating Expenses,Q2,2024-25,253.59,Quarter
Port Development and SEZ,Operating Expenses,Q2,2024-25,0,Quarter
Others (KAPL),Operating Expenses,Q2,2024-25,0,Quarter
Total Operating Expenses,,Q2,2024-25,506.06,Quarter
Operating Expenses per MMT,,Q2,2024-25,99.27,Quarter
Port Employee Costs,Employee Costs,Q2,2024-25,178.5,Quarter
Logistic including AALL,Employee Costs,Q2,2024-25,28.25,Quarter
International Operations,Employee Costs,Q2,2024-25,299.31,Quarter
Others (KAPL),Employee Costs,Q2,2024-25,0,Quarter
Total Employee Costs,,Q2,2024-25,506.06,Quarter
Port Admin Expenses,Admin Expenses ,Q2,2024-25,247.39,Quarter
Logistic including AALL,Admin Expenses ,Q2,2024-25,20.87,Quarter
International Operations,Admin Expenses ,Q2,2024-25,161.01,Quarter
Port Development and SEZ,Admin Expenses ,Q2,2024-25,0,Quarter
Others (KAPL),Admin Expenses ,Q2,2024-25,0,Quarter
One Time ,Admin Expenses ,Q2,2024-25,0,Quarter
Total Admin Expenses,,Q2,2024-25,429.27,Quarter
Total  EBIDTA ,,Q2,2024-25,4368.87,Quarter
EBITDA %,,Q2,2024-25,0.62,Quarter
Port EBITDA,,Q2,2024-25,4089.25,Quarter
Margin %,,Q2,2024-25,0.72,Quarter
Domestic Ports EBITDA per MMT,,Q2,2024-25,387.86,Quarter
Other Income,Income,Q2,2024-25,103.92,Quarter
Finance Cost (Net),,Q2,2024-25,325.68,Quarter
Foreign Exch (Gain)/Loss ,,Q2,2024-25,132.13,Quarter
Depreciation,,Q2,2024-25,1076.57,Quarter
PBT Before Exceptional & Share of JV,,Q2,2024-25,2938.41,Quarter
Share from JV and associates ,,Q2,2024-25,-1.47,Quarter
Profit Before Tax,,Q2,2024-25,2936.94,Quarter
Exceptional Item ,,Q2,2024-25,-51.77,Quarter
Profit Before Tax,,Q2,2024-25,2885.17,Quarter
Current Tax ,,Q2,2024-25,605.1,Quarter
Deferred tax ,,Q2,2024-25,-132.47,Quarter
Reversal of MAT Credit -adoption of new tax regime,,Q2,2024-25,0,Quarter
Total Tax ,,Q2,2024-25,472.63,Quarter
Profit for the year ,,Q2,2024-25,2412.54,Quarter
Port EBITDA Breakup,EBITDA Break Up,Q2,2024-25,4089.25,Quarter
Logistics,EBITDA Break Up,Q2,2024-25,155.98,Quarter
International Operations,EBITDA Break Up,Q2,2024-25,107.11,Quarter
Port Development and SEZ,EBITDA Break Up,Q2,2024-25,16.53,Quarter
Others (KAPL),EBITDA Break Up,Q2,2024-25,0,Quarter
One time  ,EBITDA Break Up,Q2,2024-25,0,Quarter
Total EBIDTA without forex ,EBITDA Break Up,Q2,2024-25,4368.87,Quarter
Total EBIDTA  & One time ,EBITDA Break Up,Q2,2024-25,4368.87,Quarter
Port EBITDA Margin Breakup,EBITDA Margin Breakup,Q2,2024-25,0.72,Quarter
Logistics,EBITDA Margin Breakup,Q2,2024-25,0.27,Quarter
International Operations,EBITDA Margin Breakup,Q2,2024-25,0.13,Quarter
Port Development and SEZ,EBITDA Margin Breakup,Q2,2024-25,1,Quarter
Others (KAPL),EBITDA Margin Breakup,Q2,2024-25,0,Quarter
Domestic Cargo (MMT),Volumes,Q3,2021-22,74.4,Quarter
International Cargo (MMT),Volumes,Q3,2021-22,0,Quarter
Total Cargo (MMT),Volumes,Q3,2021-22,74.4,Quarter
Port Operating Revenue,Revenue,Q3,2021-22,3179.27,Quarter
Dredging ,Revenue,Q3,2021-22,121.93,Quarter
Trading in APTPL,Revenue,Q3,2021-22,0,Quarter
SRCPL,Revenue,Q3,2021-22,129.81,Quarter
SEIS,Revenue,Q3,2021-22,0,Quarter
Port Revenue,Revenue,Q3,2021-22,3431.01,Quarter
Logistic including AALL,Revenue,Q3,2021-22,299.36,Quarter
International Operations,Revenue,Q3,2021-22,156.87,Quarter
Port Development and SEZ,Revenue,Q3,2021-22,124.37,Quarter
Others (KAPL),Revenue,Q3,2021-22,60.46,Quarter
Total Revenue,,Q3,2021-22,4072.07,Quarter
Operating Revenue per MMT,,Q3,2021-22,427.32,Quarter
Operating Revenue per MMT Market,,Q3,2021-22,461.16,Quarter
Port Operating Expenses,Operating Expenses,Q3,2021-22,652.25,Quarter
Dredging Expenses,Operating Expenses,Q3,2021-22,63,Quarter
SRCPL Expenses,Operating Expenses,Q3,2021-22,9.53,Quarter
Logistic including AALL Operating Expenses,Operating Expenses,Q3,2021-22,194.57,Quarter
International Operations Expenses,Operating Expenses,Q3,2021-22,67.14,Quarter
Port Development and SEZ,Operating Expenses,Q3,2021-22,34.3,Quarter
Others (KAPL),Operating Expenses,Q3,2021-22,49.14,Quarter
Total Operating Expenses,,Q3,2021-22,187.01,Quarter
Operating Expenses per MMT,,Q3,2021-22,87.67,Quarter
Port Employee Costs,Employee Costs,Q3,2021-22,128.26,Quarter
Logistic including AALL,Employee Costs,Q3,2021-22,11.61,Quarter
International Operations,Employee Costs,Q3,2021-22,44.44,Quarter
Others (KAPL),Employee Costs,Q3,2021-22,2.7,Quarter
Total Employee Costs,,Q3,2021-22,187.01,Quarter
Port Admin Expenses,Admin Expenses ,Q3,2021-22,150.63,Quarter
Logistic including AALL,Admin Expenses ,Q3,2021-22,14.07,Quarter
International Operations,Admin Expenses ,Q3,2021-22,29.9,Quarter
Port Development and SEZ,Admin Expenses ,Q3,2021-22,0,Quarter
Others (KAPL),Admin Expenses ,Q3,2021-22,8.62,Quarter
One Time ,Admin Expenses ,Q3,2021-22,0,Quarter
Total Admin Expenses,,Q3,2021-22,203.22,Quarter
Total  EBIDTA ,,Q3,2021-22,2611.91,Quarter
EBITDA %,,Q3,2021-22,0.64,Quarter
Port EBITDA,,Q3,2021-22,2427.34,Quarter
Margin %,,Q3,2021-22,0.71,Quarter
Domestic Ports EBITDA per MMT,,Q3,2021-22,229.03,Quarter
Other Income,Income,Q3,2021-22,125.44,Quarter
Finance Cost (Net),,Q3,2021-22,151.74,Quarter
Foreign Exch (Gain)/Loss ,,Q3,2021-22,12.75,Quarter
Depreciation,,Q3,2021-22,783.79,Quarter
PBT Before Exceptional & Share of JV,,Q3,2021-22,1789.07,Quarter
Share from JV and associates ,,Q3,2021-22,15.02,Quarter
Profit Before Tax,,Q3,2021-22,1804.09,Quarter
Exceptional Item ,,Q3,2021-22,0,Quarter
Profit Before Tax,,Q3,2021-22,1804.09,Quarter
Current Tax ,,Q3,2021-22,329.72,Quarter
Deferred tax ,,Q3,2021-22,-60.91,Quarter
Reversal of MAT Credit -adoption of new tax regime,,Q3,2021-22,0,Quarter
Total Tax ,,Q3,2021-22,268.81,Quarter
Profit for the year ,,Q3,2021-22,1535.28,Quarter
Port EBITDA Breakup,EBITDA Break Up,Q3,2021-22,2427.34,Quarter
Logistics,EBITDA Break Up,Q3,2021-22,79.11,Quarter
International Operations,EBITDA Break Up,Q3,2021-22,15.39,Quarter
Port Development and SEZ,EBITDA Break Up,Q3,2021-22,90.07,Quarter
Others (KAPL),EBITDA Break Up,Q3,2021-22,0,Quarter
One time  ,EBITDA Break Up,Q3,2021-22,0,Quarter
Total EBIDTA without forex ,EBITDA Break Up,Q3,2021-22,2611.91,Quarter
Total EBIDTA  & One time ,EBITDA Break Up,Q3,2021-22,2611.91,Quarter
Port EBITDA Margin Breakup,EBITDA Margin Breakup,Q3,2021-22,0.71,Quarter
Logistics,EBITDA Margin Breakup,Q3,2021-22,0.26,Quarter
International Operations,EBITDA Margin Breakup,Q3,2021-22,0.1,Quarter
Port Development and SEZ,EBITDA Margin Breakup,Q3,2021-22,0.72,Quarter
Others (KAPL),EBITDA Margin Breakup,Q3,2021-22,0,Quarter
Domestic Cargo (MMT),Volumes,Q3,2022-23,75.43,Quarter
International Cargo (MMT),Volumes,Q3,2022-23,0,Quarter
Total Cargo (MMT),Volumes,Q3,2022-23,75.43,Quarter
Port Operating Revenue,Revenue,Q3,2022-23,3706.1,Quarter
Dredging ,Revenue,Q3,2022-23,182.03,Quarter
Trading in APTPL,Revenue,Q3,2022-23,0,Quarter
SRCPL,Revenue,Q3,2022-23,47.89,Quarter
SEIS,Revenue,Q3,2022-23,0,Quarter
Port Revenue,Revenue,Q3,2022-23,3936.02,Quarter
Logistic including AALL,Revenue,Q3,2022-23,489.76,Quarter
International Operations,Revenue,Q3,2022-23,167.45,Quarter
Port Development and SEZ,Revenue,Q3,2022-23,169.16,Quarter
Others (KAPL),Revenue,Q3,2022-23,23.78,Quarter
Total Revenue,,Q3,2022-23,4786.17,Quarter
Operating Revenue per MMT,,Q3,2022-23,491.33,Quarter
Operating Revenue per MMT Market,,Q3,2022-23,521.81,Quarter
Port Operating Expenses,Operating Expenses,Q3,2022-23,732.77,Quarter
Dredging Expenses,Operating Expenses,Q3,2022-23,91.96,Quarter
SRCPL Expenses,Operating Expenses,Q3,2022-23,6.42,Quarter
Logistic including AALL Operating Expenses,Operating Expenses,Q3,2022-23,317.23,Quarter
International Operations Expenses,Operating Expenses,Q3,2022-23,71.22,Quarter
Port Development and SEZ,Operating Expenses,Q3,2022-23,60.7,Quarter
Others (KAPL),Operating Expenses,Q3,2022-23,9.31,Quarter
Total Operating Expenses,,Q3,2022-23,227.37,Quarter
Operating Expenses per MMT,,Q3,2022-23,97.15,Quarter
Port Employee Costs,Employee Costs,Q3,2022-23,162.81,Quarter
Logistic including AALL,Employee Costs,Q3,2022-23,16.38,Quarter
International Operations,Employee Costs,Q3,2022-23,45.49,Quarter
Others (KAPL),Employee Costs,Q3,2022-23,2.69,Quarter
Total Employee Costs,,Q3,2022-23,227.37,Quarter
Port Admin Expenses,Admin Expenses ,Q3,2022-23,204.99,Quarter
Logistic including AALL,Admin Expenses ,Q3,2022-23,13.76,Quarter
International Operations,Admin Expenses ,Q3,2022-23,30.88,Quarter
Port Development and SEZ,Admin Expenses ,Q3,2022-23,0,Quarter
Others (KAPL),Admin Expenses ,Q3,2022-23,8.19,Quarter
One Time ,Admin Expenses ,Q3,2022-23,0,Quarter
Total Admin Expenses,,Q3,2022-23,257.82,Quarter
Total  EBIDTA ,,Q3,2022-23,3011.37,Quarter
EBITDA %,,Q3,2022-23,0.63,Quarter
Port EBITDA,,Q3,2022-23,2737.07,Quarter
Margin %,,Q3,2022-23,0.7,Quarter
Domestic Ports EBITDA per MMT,,Q3,2022-23,229.03,Quarter
Other Income,Income,Q3,2022-23,48.9,Quarter
Finance Cost (Net),,Q3,2022-23,317.78,Quarter
Foreign Exch (Gain)/Loss ,,Q3,2022-23,314.87,Quarter
Depreciation,,Q3,2022-23,883.63,Quarter
PBT Before Exceptional & Share of JV,,Q3,2022-23,1543.99,Quarter
Share from JV and associates ,,Q3,2022-23,19.91,Quarter
Profit Before Tax,,Q3,2022-23,1563.9,Quarter
Exceptional Item ,,Q3,2022-23,0,Quarter
Profit Before Tax,,Q3,2022-23,1563.9,Quarter
Current Tax ,,Q3,2022-23,601.84,Quarter
Deferred tax ,,Q3,2022-23,-374.46,Quarter
Reversal of MAT Credit -adoption of new tax regime,,Q3,2022-23,0,Quarter
Total Tax ,,Q3,2022-23,227.39,Quarter
Profit for the year ,,Q3,2022-23,1336.51,Quarter
Port EBITDA Breakup,EBITDA Break Up,Q3,2022-23,2737.07,Quarter
Logistics,EBITDA Break Up,Q3,2022-23,142.39,Quarter
International Operations,EBITDA Break Up,Q3,2022-23,19.86,Quarter
Port Development and SEZ,EBITDA Break Up,Q3,2022-23,108.46,Quarter
Others (KAPL),EBITDA Break Up,Q3,2022-23,3.59,Quarter
One time  ,EBITDA Break Up,Q3,2022-23,0,Quarter
Total EBIDTA without forex ,EBITDA Break Up,Q3,2022-23,3011.37,Quarter
Total EBIDTA  & One time ,EBITDA Break Up,Q3,2022-23,3011.37,Quarter
Port EBITDA Margin Breakup,EBITDA Margin Breakup,Q3,2022-23,0.7,Quarter
Logistics,EBITDA Margin Breakup,Q3,2022-23,0.29,Quarter
International Operations,EBITDA Margin Breakup,Q3,2022-23,0.12,Quarter
Port Development and SEZ,EBITDA Margin Breakup,Q3,2022-23,0.64,Quarter
Others (KAPL),EBITDA Margin Breakup,Q3,2022-23,0.15,Quarter
Domestic Cargo (MMT),Volumes,Q3,2023-24,105.86,Quarter
International Cargo (MMT),Volumes,Q3,2023-24,2.75,Quarter
Total Cargo (MMT),Volumes,Q3,2023-24,108.61,Quarter
Port Operating Revenue,Revenue,Q3,2023-24,5257.13,Quarter
Dredging ,Revenue,Q3,2023-24,274.36,Quarter
Trading in APTPL,Revenue,Q3,2023-24,0,Quarter
SRCPL,Revenue,Q3,2023-24,3.01,Quarter
SEIS,Revenue,Q3,2023-24,0,Quarter
Port Revenue,Revenue,Q3,2023-24,5534.5,Quarter
Logistic including AALL,Revenue,Q3,2023-24,529,Quarter
International Operations,Revenue,Q3,2023-24,812.06,Quarter
Port Development and SEZ,Revenue,Q3,2023-24,24.63,Quarter
Others (KAPL),Revenue,Q3,2023-24,19.91,Quarter
Total Revenue,,Q3,2023-24,6920.1,Quarter
Operating Revenue per MMT,,Q3,2023-24,496.61,Quarter
Operating Revenue per MMT Market,,Q3,2023-24,522.81,Quarter
Port Operating Expenses,Operating Expenses,Q3,2023-24,1050.03,Quarter
Dredging Expenses,Operating Expenses,Q3,2023-24,109,Quarter
SRCPL Expenses,Operating Expenses,Q3,2023-24,6.2,Quarter
Logistic including AALL Operating Expenses,Operating Expenses,Q3,2023-24,339.97,Quarter
International Operations Expenses,Operating Expenses,Q3,2023-24,311.97,Quarter
Port Development and SEZ,Operating Expenses,Q3,2023-24,0,Quarter
Others (KAPL),Operating Expenses,Q3,2023-24,8.82,Quarter
Total Operating Expenses,,Q3,2023-24,478.45,Quarter
Operating Expenses per MMT,,Q3,2023-24,99.19,Quarter
Port Employee Costs,Employee Costs,Q3,2023-24,158.25,Quarter
Logistic including AALL,Employee Costs,Q3,2023-24,20.67,Quarter
International Operations,Employee Costs,Q3,2023-24,295.54,Quarter
Others (KAPL),Employee Costs,Q3,2023-24,3.99,Quarter
Total Employee Costs,,Q3,2023-24,478.45,Quarter
Port Admin Expenses,Admin Expenses ,Q3,2023-24,266.63,Quarter
Logistic including AALL,Admin Expenses ,Q3,2023-24,22.57,Quarter
International Operations,Admin Expenses ,Q3,2023-24,124.39,Quarter
Port Development and SEZ,Admin Expenses ,Q3,2023-24,0,Quarter
Others (KAPL),Admin Expenses ,Q3,2023-24,16.12,Quarter
One Time ,Admin Expenses ,Q3,2023-24,0,Quarter
Total Admin Expenses,,Q3,2023-24,429.71,Quarter
Total  EBIDTA ,,Q3,2023-24,4185.95,Quarter
EBITDA %,,Q3,2023-24,0.6,Quarter
Port EBITDA,,Q3,2023-24,3944.39,Quarter
Margin %,,Q3,2023-24,0.71,Quarter
Domestic Ports EBITDA per MMT,,Q3,2023-24,372.6,Quarter
Other Income,Income,Q3,2023-24,340.27,Quarter
Finance Cost (Net),,Q3,2023-24,809.3,Quarter
Foreign Exch (Gain)/Loss ,,Q3,2023-24,-107.25,Quarter
Depreciation,,Q3,2023-24,985.32,Quarter
PBT Before Exceptional & Share of JV,,Q3,2023-24,2838.85,Quarter
Share from JV and associates ,,Q3,2023-24,-97.52,Quarter
Profit Before Tax,,Q3,2023-24,2741.33,Quarter
Exceptional Item ,,Q3,2023-24,0,Quarter
Profit Before Tax,,Q3,2023-24,2741.33,Quarter
Current Tax ,,Q3,2023-24,337.67,Quarter
Deferred tax ,,Q3,2023-24,195.45,Quarter
Reversal of MAT Credit -adoption of new tax regime,,Q3,2023-24,0,Quarter
Total Tax ,,Q3,2023-24,533.12,Quarter
Profit for the year ,,Q3,2023-24,2208.21,Quarter
Port EBITDA Breakup,EBITDA Break Up,Q3,2023-24,3944.39,Quarter
Logistics,EBITDA Break Up,Q3,2023-24,145.79,Quarter
International Operations,EBITDA Break Up,Q3,2023-24,80.16,Quarter
Port Development and SEZ,EBITDA Break Up,Q3,2023-24,24.63,Quarter
Others (KAPL),EBITDA Break Up,Q3,2023-24,-9.02,Quarter
One time  ,EBITDA Break Up,Q3,2023-24,0,Quarter
Total EBIDTA without forex ,EBITDA Break Up,Q3,2023-24,4185.95,Quarter
Total EBIDTA  & One time ,EBITDA Break Up,Q3,2023-24,4185.95,Quarter
Port EBITDA Margin Breakup,EBITDA Margin Breakup,Q3,2023-24,0.71,Quarter
Logistics,EBITDA Margin Breakup,Q3,2023-24,0.28,Quarter
International Operations,EBITDA Margin Breakup,Q3,2023-24,0.1,Quarter
Port Development and SEZ,EBITDA Margin Breakup,Q3,2023-24,1,Quarter
Others (KAPL),EBITDA Margin Breakup,Q3,2023-24,-0.45,Quarter
Domestic Cargo (MMT),Volumes,Q3,2024-25,106.53,Quarter
International Cargo (MMT),Volumes,Q3,2024-25,5.98,Quarter
Total Cargo (MMT),Volumes,Q3,2024-25,112.51,Quarter
Port Operating Revenue,Revenue,Q3,2024-25,5740.12,Quarter
Dredging ,Revenue,Q3,2024-25,147.4,Quarter
Trading in APTPL,Revenue,Q3,2024-25,0,Quarter
SRCPL,Revenue,Q3,2024-25,106.43,Quarter
SEIS,Revenue,Q3,2024-25,0,Quarter
Port Revenue,Revenue,Q3,2024-25,5993.95,Quarter
Logistic including AALL,Revenue,Q3,2024-25,693.31,Quarter
International Operations,Revenue,Q3,2024-25,1122.52,Quarter
Port Development and SEZ,Revenue,Q3,2024-25,153.77,Quarter
Others (KAPL),Revenue,Q3,2024-25,0,Quarter
Total Revenue,,Q3,2024-25,7963.55,Quarter
Operating Revenue per MMT,,Q3,2024-25,538.83,Quarter
Operating Revenue per MMT Market,,Q3,2024-25,562.65,Quarter
Port Operating Expenses,Operating Expenses,Q3,2024-25,1109.96,Quarter
Dredging Expenses,Operating Expenses,Q3,2024-25,82.32,Quarter
SRCPL Expenses,Operating Expenses,Q3,2024-25,6.33,Quarter
Logistic including AALL Operating Expenses,Operating Expenses,Q3,2024-25,485.25,Quarter
International Operations Expenses,Operating Expenses,Q3,2024-25,382.21,Quarter
Port Development and SEZ,Operating Expenses,Q3,2024-25,66.43,Quarter
Others (KAPL),Operating Expenses,Q3,2024-25,0,Quarter
Total Operating Expenses,,Q3,2024-25,503.17,Quarter
Operating Expenses per MMT,,Q3,2024-25,104.19,Quarter
Port Employee Costs,Employee Costs,Q3,2024-25,177.46,Quarter
Logistic including AALL,Employee Costs,Q3,2024-25,24.29,Quarter
International Operations,Employee Costs,Q3,2024-25,301.42,Quarter
Others (KAPL),Employee Costs,Q3,2024-25,0,Quarter
Total Employee Costs,,Q3,2024-25,503.17,Quarter
Port Admin Expenses,Admin Expenses ,Q3,2024-25,261.97,Quarter
Logistic including AALL,Admin Expenses ,Q3,2024-25,23.14,Quarter
International Operations,Admin Expenses ,Q3,2024-25,240.71,Quarter
Port Development and SEZ,Admin Expenses ,Q3,2024-25,0,Quarter
Others (KAPL),Admin Expenses ,Q3,2024-25,0,Quarter
One Time ,Admin Expenses ,Q3,2024-25,0,Quarter
Total Admin Expenses,,Q3,2024-25,525.82,Quarter
Total  EBIDTA ,,Q3,2024-25,4802.06,Quarter
EBITDA %,,Q3,2024-25,0.6,Quarter
Port EBITDA,,Q3,2024-25,4355.91,Quarter
Margin %,,Q3,2024-25,0.73,Quarter
Domestic Ports EBITDA per MMT,,Q3,2024-25,408.89,Quarter
Other Income,Income,Q3,2024-25,78.93,Quarter
Finance Cost (Net),,Q3,2024-25,754.45,Quarter
Foreign Exch (Gain)/Loss ,,Q3,2024-25,24.41,Quarter
Depreciation,,Q3,2024-25,1105.76,Quarter
PBT Before Exceptional & Share of JV,,Q3,2024-25,2996.37,Quarter
Share from JV and associates ,,Q3,2024-25,51.35,Quarter
Profit Before Tax,,Q3,2024-25,3047.71,Quarter
Exceptional Item ,,Q3,2024-25,-27.85,Quarter
Profit Before Tax,,Q3,2024-25,3019.86,Quarter
Current Tax ,,Q3,2024-25,487.47,Quarter
Deferred tax ,,Q3,2024-25,14.01,Quarter
Reversal of MAT Credit -adoption of new tax regime,,Q3,2024-25,0,Quarter
Total Tax ,,Q3,2024-25,501.48,Quarter
Profit for the year ,,Q3,2024-25,2518.38,Quarter
Port EBITDA Breakup,EBITDA Break Up,Q3,2024-25,4355.91,Quarter
Logistics,EBITDA Break Up,Q3,2024-25,160.63,Quarter
International Operations,EBITDA Break Up,Q3,2024-25,198.18,Quarter
Port Development and SEZ,EBITDA Break Up,Q3,2024-25,87.34,Quarter
Others (KAPL),EBITDA Break Up,Q3,2024-25,0,Quarter
One time  ,EBITDA Break Up,Q3,2024-25,0,Quarter
Total EBIDTA without forex ,EBITDA Break Up,Q3,2024-25,4802.06,Quarter
Total EBIDTA  & One time ,EBITDA Break Up,Q3,2024-25,4802.06,Quarter
Port EBITDA Margin Breakup,EBITDA Margin Breakup,Q3,2024-25,0.73,Quarter
Logistics,EBITDA Margin Breakup,Q3,2024-25,0.23,Quarter
International Operations,EBITDA Margin Breakup,Q3,2024-25,0.18,Quarter
Port Development and SEZ,EBITDA Margin Breakup,Q3,2024-25,0.57,Quarter
Others (KAPL),EBITDA Margin Breakup,Q3,2024-25,0,Quarter
Domestic Cargo (MMT),Volumes,Q4,2021-22,78.09,Quarter
International Cargo (MMT),Volumes,Q4,2021-22,0,Quarter
Total Cargo (MMT),Volumes,Q4,2021-22,78.09,Quarter
Port Operating Revenue,Revenue,Q4,2021-22,3314.65,Quarter
Dredging ,Revenue,Q4,2021-22,114.04,Quarter
Trading in APTPL,Revenue,Q4,2021-22,0,Quarter
SRCPL,Revenue,Q4,2021-22,125.53,Quarter
SEIS,Revenue,Q4,2021-22,0,Quarter
Port Revenue,Revenue,Q4,2021-22,3554.22,Quarter
Logistic including AALL,Revenue,Q4,2021-22,363.38,Quarter
International Operations,Revenue,Q4,2021-22,167.48,Quarter
Port Development and SEZ,Revenue,Q4,2021-22,41.95,Quarter
Others (KAPL),Revenue,Q4,2021-22,13.44,Quarter
Total Revenue,,Q4,2021-22,4140.47,Quarter
Operating Revenue per MMT,,Q4,2021-22,424.47,Quarter
Operating Revenue per MMT Market,,Q4,2021-22,455.14,Quarter
Port Operating Expenses,Operating Expenses,Q4,2021-22,722.57,Quarter
Dredging Expenses,Operating Expenses,Q4,2021-22,51,Quarter
SRCPL Expenses,Operating Expenses,Q4,2021-22,8.7,Quarter
Logistic including AALL Operating Expenses,Operating Expenses,Q4,2021-22,228.26,Quarter
International Operations Expenses,Operating Expenses,Q4,2021-22,56.77,Quarter
Port Development and SEZ,Operating Expenses,Q4,2021-22,30,Quarter
Others (KAPL),Operating Expenses,Q4,2021-22,6,Quarter
Total Operating Expenses,,Q4,2021-22,197.95,Quarter
Operating Expenses per MMT,,Q4,2021-22,92.53,Quarter
Port Employee Costs,Employee Costs,Q4,2021-22,126.97,Quarter
Logistic including AALL,Employee Costs,Q4,2021-22,15.2,Quarter
International Operations,Employee Costs,Q4,2021-22,53.6,Quarter
Others (KAPL),Employee Costs,Q4,2021-22,2.18,Quarter
Total Employee Costs,,Q4,2021-22,197.95,Quarter
Port Admin Expenses,Admin Expenses ,Q4,2021-22,201.91,Quarter
Logistic including AALL,Admin Expenses ,Q4,2021-22,14.2,Quarter
International Operations,Admin Expenses ,Q4,2021-22,37.17,Quarter
Port Development and SEZ,Admin Expenses ,Q4,2021-22,0,Quarter
Others (KAPL),Admin Expenses ,Q4,2021-22,5.03,Quarter
One Time ,Admin Expenses ,Q4,2021-22,0,Quarter
Total Admin Expenses,,Q4,2021-22,258.31,Quarter
Total  EBIDTA ,,Q4,2021-22,2580.92,Quarter
EBITDA %,,Q4,2021-22,0.62,Quarter
Port EBITDA,,Q4,2021-22,2443.08,Quarter
Margin %,,Q4,2021-22,0.69,Quarter
Domestic Ports EBITDA per MMT,,Q4,2021-22,229.03,Quarter
Other Income,Income,Q4,2021-22,63.34,Quarter
Finance Cost (Net),,Q4,2021-22,114.5,Quarter
Foreign Exch (Gain)/Loss ,,Q4,2021-22,523.87,Quarter
Depreciation,,Q4,2021-22,764.32,Quarter
PBT Before Exceptional & Share of JV,,Q4,2021-22,1241.57,Quarter
Share from JV and associates ,,Q4,2021-22,10.17,Quarter
Profit Before Tax,,Q4,2021-22,1251.74,Quarter
Exceptional Item ,,Q4,2021-22,0,Quarter
Profit Before Tax,,Q4,2021-22,1251.74,Quarter
Current Tax ,,Q4,2021-22,34.74,Quarter
Deferred tax ,,Q4,2021-22,105.39,Quarter
Reversal of MAT Credit -adoption of new tax regime,,Q4,2021-22,0,Quarter
Total Tax ,,Q4,2021-22,140.13,Quarter
Profit for the year ,,Q4,2021-22,1111.61,Quarter
Port EBITDA Breakup,EBITDA Break Up,Q4,2021-22,2443.08,Quarter
Logistics,EBITDA Break Up,Q4,2021-22,105.72,Quarter
International Operations,EBITDA Break Up,Q4,2021-22,19.94,Quarter
Port Development and SEZ,EBITDA Break Up,Q4,2021-22,11.95,Quarter
Others (KAPL),EBITDA Break Up,Q4,2021-22,0.23,Quarter
One time  ,EBITDA Break Up,Q4,2021-22,0,Quarter
Total EBIDTA without forex ,EBITDA Break Up,Q4,2021-22,2580.92,Quarter
Total EBIDTA  & One time ,EBITDA Break Up,Q4,2021-22,2580.92,Quarter
Port EBITDA Margin Breakup,EBITDA Margin Breakup,Q4,2021-22,0.69,Quarter
Logistics,EBITDA Margin Breakup,Q4,2021-22,0.29,Quarter
International Operations,EBITDA Margin Breakup,Q4,2021-22,0.12,Quarter
Port Development and SEZ,EBITDA Margin Breakup,Q4,2021-22,0.28,Quarter
Others (KAPL),EBITDA Margin Breakup,Q4,2021-22,0.02,Quarter
Domestic Cargo (MMT),Volumes,Q4,2022-23,83.68,Quarter
International Cargo (MMT),Volumes,Q4,2022-23,2.63,Quarter
Total Cargo (MMT),Volumes,Q4,2022-23,86.31,Quarter
Port Operating Revenue,Revenue,Q4,2022-23,4059.13,Quarter
Dredging ,Revenue,Q4,2022-23,215.6,Quarter
Trading in APTPL,Revenue,Q4,2022-23,0,Quarter
SRCPL,Revenue,Q4,2022-23,125.63,Quarter
SEIS,Revenue,Q4,2022-23,0,Quarter
Port Revenue,Revenue,Q4,2022-23,4400.36,Quarter
Logistic including AALL,Revenue,Q4,2022-23,532.63,Quarter
International Operations,Revenue,Q4,2022-23,806.68,Quarter
Port Development and SEZ,Revenue,Q4,2022-23,32.44,Quarter
Others (KAPL),Revenue,Q4,2022-23,24.74,Quarter
Total Revenue,,Q4,2022-23,5796.85,Quarter
Operating Revenue per MMT,,Q4,2022-23,485.08,Quarter
Operating Revenue per MMT Market,,Q4,2022-23,525.86,Quarter
Port Operating Expenses,Operating Expenses,Q4,2022-23,795.06,Quarter
Dredging Expenses,Operating Expenses,Q4,2022-23,98,Quarter
SRCPL Expenses,Operating Expenses,Q4,2022-23,10.22,Quarter
Logistic including AALL Operating Expenses,Operating Expenses,Q4,2022-23,363.87,Quarter
International Operations Expenses,Operating Expenses,Q4,2022-23,385.76,Quarter
Port Development and SEZ,Operating Expenses,Q4,2022-23,10,Quarter
Others (KAPL),Operating Expenses,Q4,2022-23,14.98,Quarter
Total Operating Expenses,,Q4,2022-23,452.18,Quarter
Operating Expenses per MMT,,Q4,2022-23,95.01,Quarter
Port Employee Costs,Employee Costs,Q4,2022-23,158.92,Quarter
Logistic including AALL,Employee Costs,Q4,2022-23,17.49,Quarter
International Operations,Employee Costs,Q4,2022-23,271.81,Quarter
Others (KAPL),Employee Costs,Q4,2022-23,3.96,Quarter
Total Employee Costs,,Q4,2022-23,452.18,Quarter
Port Admin Expenses,Admin Expenses ,Q4,2022-23,272.64,Quarter
Logistic including AALL,Admin Expenses ,Q4,2022-23,18.94,Quarter
International Operations,Admin Expenses ,Q4,2022-23,93.38,Quarter
Port Development and SEZ,Admin Expenses ,Q4,2022-23,0,Quarter
Others (KAPL),Admin Expenses ,Q4,2022-23,10.48,Quarter
One Time ,Admin Expenses ,Q4,2022-23,0,Quarter
Total Admin Expenses,,Q4,2022-23,395.44,Quarter
Total  EBIDTA ,,Q4,2022-23,3271.34,Quarter
EBITDA %,,Q4,2022-23,0.56,Quarter
Port EBITDA,,Q4,2022-23,3065.52,Quarter
Margin %,,Q4,2022-23,0.7,Quarter
Domestic Ports EBITDA per MMT,,Q4,2022-23,229.03,Quarter
Other Income,Income,Q4,2022-23,126.2,Quarter
Finance Cost (Net),,Q4,2022-23,367.25,Quarter
Foreign Exch (Gain)/Loss ,,Q4,2022-23,0.66,Quarter
Depreciation,,Q4,2022-23,846.36,Quarter
PBT Before Exceptional & Share of JV,,Q4,2022-23,2183.27,Quarter
Share from JV and associates ,,Q4,2022-23,7.35,Quarter
Profit Before Tax,,Q4,2022-23,2190.62,Quarter
Exceptional Item ,,Q4,2022-23,-1273.38,Quarter
Profit Before Tax,,Q4,2022-23,917.24,Quarter
Current Tax ,,Q4,2022-23,133.72,Quarter
Deferred tax ,,Q4,2022-23,-355.56,Quarter
Reversal of MAT Credit -adoption of new tax regime,,Q4,2022-23,0,Quarter
Total Tax ,,Q4,2022-23,-221.84,Quarter
Profit for the year ,,Q4,2022-23,1139.07,Quarter
Port EBITDA Breakup,EBITDA Break Up,Q4,2022-23,3065.52,Quarter
Logistics,EBITDA Break Up,Q4,2022-23,132.33,Quarter
International Operations,EBITDA Break Up,Q4,2022-23,55.73,Quarter
Port Development and SEZ,EBITDA Break Up,Q4,2022-23,22.44,Quarter
Others (KAPL),EBITDA Break Up,Q4,2022-23,-4.68,Quarter
One time  ,EBITDA Break Up,Q4,2022-23,0,Quarter
Total EBIDTA without forex ,EBITDA Break Up,Q4,2022-23,3271.34,Quarter
Total EBIDTA  & One time ,EBITDA Break Up,Q4,2022-23,3271.34,Quarter
Port EBITDA Margin Breakup,EBITDA Margin Breakup,Q4,2022-23,0.7,Quarter
Logistics,EBITDA Margin Breakup,Q4,2022-23,0.25,Quarter
International Operations,EBITDA Margin Breakup,Q4,2022-23,0.07,Quarter
Port Development and SEZ,EBITDA Margin Breakup,Q4,2022-23,0.69,Quarter
Others (KAPL),EBITDA Margin Breakup,Q4,2022-23,-0.19,Quarter
Domestic Cargo (MMT),Volumes,Q4,2023-24,106.33,Quarter
International Cargo (MMT),Volumes,Q4,2023-24,2.41,Quarter
Total Cargo (MMT),Volumes,Q4,2023-24,108.74,Quarter
Port Operating Revenue,Revenue,Q4,2023-24,5171.15,Quarter
Dredging ,Revenue,Q4,2023-24,251.45,Quarter
Trading in APTPL,Revenue,Q4,2023-24,0,Quarter
SRCPL,Revenue,Q4,2023-24,52.14,Quarter
SEIS,Revenue,Q4,2023-24,0,Quarter
Port Revenue,Revenue,Q4,2023-24,5474.74,Quarter
Logistic including AALL,Revenue,Q4,2023-24,559.73,Quarter
International Operations,Revenue,Q4,2023-24,774.32,Quarter
Port Development and SEZ,Revenue,Q4,2023-24,50.96,Quarter
Others (KAPL),Revenue,Q4,2023-24,36.75,Quarter
Total Revenue,,Q4,2023-24,6896.5,Quarter
Operating Revenue per MMT,,Q4,2023-24,486.33,Quarter
Operating Revenue per MMT Market,,Q4,2023-24,514.88,Quarter
Port Operating Expenses,Operating Expenses,Q4,2023-24,1050.22,Quarter
Dredging Expenses,Operating Expenses,Q4,2023-24,96.22,Quarter
SRCPL Expenses,Operating Expenses,Q4,2023-24,5.39,Quarter
Logistic including AALL Operating Expenses,Operating Expenses,Q4,2023-24,385.59,Quarter
International Operations Expenses,Operating Expenses,Q4,2023-24,234.5,Quarter
Port Development and SEZ,Operating Expenses,Q4,2023-24,5,Quarter
Others (KAPL),Operating Expenses,Q4,2023-24,19.54,Quarter
Total Operating Expenses,,Q4,2023-24,438.5,Quarter
Operating Expenses per MMT,,Q4,2023-24,98.77,Quarter
Port Employee Costs,Employee Costs,Q4,2023-24,223.74,Quarter
Logistic including AALL,Employee Costs,Q4,2023-24,40.19,Quarter
International Operations,Employee Costs,Q4,2023-24,170.78,Quarter
Others (KAPL),Employee Costs,Q4,2023-24,3.79,Quarter
Total Employee Costs,,Q4,2023-24,438.5,Quarter
Port Admin Expenses,Admin Expenses ,Q4,2023-24,284.05,Quarter
Logistic including AALL,Admin Expenses ,Q4,2023-24,28.9,Quarter
International Operations,Admin Expenses ,Q4,2023-24,277.06,Quarter
Port Development and SEZ,Admin Expenses ,Q4,2023-24,7.81,Quarter
Others (KAPL),Admin Expenses ,Q4,2023-24,19.87,Quarter
One Time ,Admin Expenses ,Q4,2023-24,0,Quarter
Total Admin Expenses,,Q4,2023-24,617.69,Quarter
Total  EBIDTA ,,Q4,2023-24,4043.85,Quarter
EBITDA %,,Q4,2023-24,0.59,Quarter
Port EBITDA,,Q4,2023-24,3815.12,Quarter
Margin %,,Q4,2023-24,0.7,Quarter
Domestic Ports EBITDA per MMT,,Q4,2023-24,358.8,Quarter
Other Income,Income,Q4,2023-24,101.53,Quarter
Finance Cost (Net),,Q4,2023-24,402.36,Quarter
Foreign Exch (Gain)/Loss ,,Q4,2023-24,14.51,Quarter
Depreciation,,Q4,2023-24,979.09,Quarter
PBT Before Exceptional & Share of JV,,Q4,2023-24,2749.42,Quarter
Share from JV and associates ,,Q4,2023-24,-34.74,Quarter
Profit Before Tax,,Q4,2023-24,2714.68,Quarter
Exceptional Item ,,Q4,2023-24,-373.7,Quarter
Profit Before Tax,,Q4,2023-24,2340.98,Quarter
Current Tax ,,Q4,2023-24,296.53,Quarter
Deferred tax ,,Q4,2023-24,29.68,Quarter
Reversal of MAT Credit -adoption of new tax regime,,Q4,2023-24,0,Quarter
Total Tax ,,Q4,2023-24,326.21,Quarter
Profit for the year ,,Q4,2023-24,2014.77,Quarter
Port EBITDA Breakup,EBITDA Break Up,Q4,2023-24,3815.12,Quarter
Logistics,EBITDA Break Up,Q4,2023-24,105.05,Quarter
International Operations,EBITDA Break Up,Q4,2023-24,91.98,Quarter
Port Development and SEZ,EBITDA Break Up,Q4,2023-24,38.15,Quarter
Others (KAPL),EBITDA Break Up,Q4,2023-24,-6.45,Quarter
One time  ,EBITDA Break Up,Q4,2023-24,0,Quarter
Total EBIDTA without forex ,EBITDA Break Up,Q4,2023-24,4043.85,Quarter
Total EBIDTA  & One time ,EBITDA Break Up,Q4,2023-24,4043.85,Quarter
Port EBITDA Margin Breakup,EBITDA Margin Breakup,Q4,2023-24,0.7,Quarter
Logistics,EBITDA Margin Breakup,Q4,2023-24,0.19,Quarter
International Operations,EBITDA Margin Breakup,Q4,2023-24,0.12,Quarter
Port Development and SEZ,EBITDA Margin Breakup,Q4,2023-24,0.75,Quarter
Others (KAPL),EBITDA Margin Breakup,Q4,2023-24,-0.18,Quarter
Domestic Cargo (MMT),Volumes,Q4,2024-25,111.88,Quarter
International Cargo (MMT),Volumes,Q4,2024-25,6,Quarter
Total Cargo (MMT),Volumes,Q4,2024-25,117.88,Quarter
Port Operating Revenue,Revenue,Q4,2024-25,5858.61,Quarter
Dredging ,Revenue,Q4,2024-25,219.55,Quarter
Trading in APTPL,Revenue,Q4,2024-25,0,Quarter
SRCPL,Revenue,Q4,2024-25,166.48,Quarter
SEIS,Revenue,Q4,2024-25,0,Quarter
Port Revenue,Revenue,Q4,2024-25,6244.64,Quarter
Logistic including AALL,Revenue,Q4,2024-25,1029.51,Quarter
International Operations,Revenue,Q4,2024-25,1337.14,Quarter
Port Development and SEZ,Revenue,Q4,2024-25,143.17,Quarter
Others (KAPL),Revenue,Q4,2024-25,0,Quarter
Total Revenue,,Q4,2024-25,8754.46,Quarter
Operating Revenue per MMT,,Q4,2024-25,523.65,Quarter
Operating Revenue per MMT Market,,Q4,2024-25,558.16,Quarter
Port Operating Expenses,Operating Expenses,Q4,2024-25,1120.13,Quarter
Dredging Expenses,Operating Expenses,Q4,2024-25,120.45,Quarter
SRCPL Expenses,Operating Expenses,Q4,2024-25,7.32,Quarter
Logistic including AALL Operating Expenses,Operating Expenses,Q4,2024-25,774.06,Quarter
International Operations Expenses,Operating Expenses,Q4,2024-25,506.1,Quarter
Port Development and SEZ,Operating Expenses,Q4,2024-25,55.23,Quarter
Others (KAPL),Operating Expenses,Q4,2024-25,0,Quarter
Total Operating Expenses,,Q4,2024-25,530.17,Quarter
Operating Expenses per MMT,,Q4,2024-25,100.12,Quarter
Port Employee Costs,Employee Costs,Q4,2024-25,167.52,Quarter
Logistic including AALL,Employee Costs,Q4,2024-25,21.55,Quarter
International Operations,Employee Costs,Q4,2024-25,341.1,Quarter
Others (KAPL),Employee Costs,Q4,2024-25,0,Quarter
Total Employee Costs,,Q4,2024-25,530.17,Quarter
Port Admin Expenses,Admin Expenses ,Q4,2024-25,388.85,Quarter
Logistic including AALL,Admin Expenses ,Q4,2024-25,53.08,Quarter
International Operations,Admin Expenses ,Q4,2024-25,189.55,Quarter
Port Development and SEZ,Admin Expenses ,Q4,2024-25,0,Quarter
Others (KAPL),Admin Expenses ,Q4,2024-25,0,Quarter
One Time ,Admin Expenses ,Q4,2024-25,0,Quarter
Total Admin Expenses,,Q4,2024-25,631.48,Quarter
Total  EBIDTA ,,Q4,2024-25,5009.52,Quarter
EBITDA %,,Q4,2024-25,0.57,Quarter
Port EBITDA,,Q4,2024-25,4440.37,Quarter
Margin %,,Q4,2024-25,0.71,Quarter
Domestic Ports EBITDA per MMT,,Q4,2024-25,396.89,Quarter
Other Income,Income,Q4,2024-25,119.31,Quarter
Finance Cost (Net),,Q4,2024-25,355.29,Quarter
Foreign Exch (Gain)/Loss ,,Q4,2024-25,200.8,Quarter
Depreciation,,Q4,2024-25,1181.68,Quarter
PBT Before Exceptional & Share of JV,,Q4,2024-25,3391.06,Quarter
Share from JV and associates ,,Q4,2024-25,144.67,Quarter
Profit Before Tax,,Q4,2024-25,3535.73,Quarter
Exceptional Item ,,Q4,2024-25,-24.41,Quarter
Profit Before Tax,,Q4,2024-25,3511.32,Quarter
Current Tax ,,Q4,2024-25,707.23,Quarter
Deferred tax ,,Q4,2024-25,-180.32,Quarter
Reversal of MAT Credit -adoption of new tax regime,,Q4,2024-25,0,Quarter
Total Tax ,,Q4,2024-25,526.91,Quarter
Profit for the year ,,Q4,2024-25,2984.41,Quarter
Port EBITDA Breakup,EBITDA Break Up,Q4,2024-25,4440.37,Quarter
Logistics,EBITDA Break Up,Q4,2024-25,180.82,Quarter
International Operations,EBITDA Break Up,Q4,2024-25,300.39,Quarter
Port Development and SEZ,EBITDA Break Up,Q4,2024-25,87.94,Quarter
Others (KAPL),EBITDA Break Up,Q4,2024-25,0,Quarter
One time  ,EBITDA Break Up,Q4,2024-25,0,Quarter
Total EBIDTA without forex ,EBITDA Break Up,Q4,2024-25,5009.52,Quarter
Total EBIDTA  & One time ,EBITDA Break Up,Q4,2024-25,5009.52,Quarter
Port EBITDA Margin Breakup,EBITDA Margin Breakup,Q4,2024-25,0.71,Quarter
Logistics,EBITDA Margin Breakup,Q4,2024-25,0.18,Quarter
International Operations,EBITDA Margin Breakup,Q4,2024-25,0.22,Quarter
Port Development and SEZ,EBITDA Margin Breakup,Q4,2024-25,0.61,Quarter
Others (KAPL),EBITDA Margin Breakup,Q4,2024-25,0,Quarter
